image,target
aadawlxbmapqrblgxyzarhjasgiobu.png,0.5370746
abpxvdfyhaaohzcrngcucmhffwizxs.jpg,0.5020506
aclkjfvackiieiznzfcwienplielrj.jpg,0.8093459
aelkivmayxgsdjosiibfgmkvfrjvjk.jpg,0.5834761
aelzzshpfxerelefnkatpczktuxjln.jpg,0.6559068
ajnjnkvstqesvfohaptobyasrkmcnq.jpg,0.406831
akkydnvilgvzigllmboonbqbbioocs.jpg,0.5428492
akvjfjhgayyjwrqrczjbeyoqhhajis.jpg,0.40397316
alcveyvosnywyjbmngolmnblftdoje.jpg,0.42358163
alfuzzlrjkdrrzauiswqnuvpvzfluc.jpg,0.47115973
aljnaycepveqbedxhsklixyjodpcho.jpg,0.72106004
amvorhijzrsihdqvyddkamjdyuahqm.jpg,0.44634554
autvannlbggmjsuhqbnnffyhrnyyhp.jpg,0.77426034
aveecvuafgubjfweqsfyomjgyazdxs.jpg,0.5373009
ayqcgikqwwnikkwdufxnxhfixdpelp.jpg,0.7231145
bakmhsflobtjjwilhsiqynhmnrjjnq.jpg,0.6591594
bbolakporoaeojpqandvajgrojnkaj.jpg,0.37770638
bcqfficwazmpxairlfnchvusputshk.jpg,0.78639066
bctvvfysokpohqxzngbuuaugtgtkov.jpg,0.36988214
bfjrheksmajsxlorqmwtpwjonzkyiv.jpg,0.53026295
bhczfsgehqldydadvfldnunftxzfdv.jpg,0.2796544
bihlsygajgvqsywzkpfbmupevnuoqh.jpg,0.61663365
bivegebpyjsmiaylkruufjevjxqydc.jpg,0.49214375
bjlwcuatbrxhdxocieancqgdlgqnma.jpg,0.62240946
bkhjxlxizjiychukanlstfpcodlubc.jpg,0.4728318
blgzlxqgcpxulfwfywadwbbeptqcol.jpg,0.419898
blmgakpsirdrdnimkjwdnbusgactzx.jpg,0.7758806
bophtvssbpnmzkxfxuvupbriwazlcz.jpg,0.5186765
botfdlboeryhmfxctjvzbqriqyonuv.jpg,0.75930315
bqjjodotjhmmchkiityjpmglknkzdq.jpg,0.73704344
bqudlucapxfguiydzopfdvuasiwscs.jpg,0.57596433
broomszdrrefxhmthsxwurzfuutkft.jpeg,0.50205266
bucfsqoezlveinjzzyyfiianjzrklf.jpg,0.6572138
bvrbztwngoiduyhlrnxnybuqamwdjq.jpg,0.6365394
bynakhmyescxfghpzliqaaewgtlhas.jpg,0.53915864
bzdueelveubapkgmqbhzrerdmvbqtz.jpg,0.606203
ccliaukfdmqskirlsqaemkdtziyhos.jpg,0.5862668
cdugozukojbkpzksazbxqxnpxnoxts.jpg,0.5838065
cdxocpqismtjtcoiqncmocnyhqipeq.jpg,0.6759025
cemwpmilmtzyyvpoxxflruiyubdzvc.jpg,0.5143224
cetwookalphtxhtbwgcpzfjpmasfic.png,0.6274202
cgnarbagkiqkuvnbgidtpbpzlxxzzc.jpg,0.5016238
cjbutauggylhztvnyutbozyfqaealv.jpg,0.42963073
clcluoyktakfjgcjyjgbbrhaxjkanl.jpg,0.5625718
clibkrbidguqcugbkymxqioqwolsvv.jpg,0.5803877
csaamuupuegbgkdvhihaucddwkvgcg.jpg,0.4230961
csrqrzoyceubuehyicuwjisnsvyfuk.jpg,0.6832872
cxnmwtwjlhvwljnwzdyucnlrkwmzva.jpg,0.7123041
cxtbkqwdjxgxlieyzzfokybmrynvzt.jpg,0.7129066
cynaerknbrqzwlssknbvxqoffjfmqa.jpg,0.3721969
cytfwnqddgfmwopldwoyzfgvdshchj.jpg,0.39680776
czfaqpiyukmerduehjkdrhkhtqxbia.jpg,0.42864227
dbuvujopjxofqfcsxghgeruyrhqamf.jpg,0.82279444
ddmvffnxrrqoftjquegcfyynvbpioe.jpg,0.47664973
dfbqqsvocxgkdljrvnnztyvaexmxgp.jpg,0.64227504
dgzjgjduiwcejpltzhhsdrsfrfwbhm.jpg,0.3371882
dhcyrecupnqhsmwidgcgghdvkmlsfi.jpg,0.7725143
dhxbbarhojjiuoacxyzdtayykriavi.jpg,0.6513635
dihlagwlolbphxxdxmfbsmaeqqqcgs.jpeg,0.3879827
djdsobvkfuoagxivxpraiusgzjozds.jpg,0.7027388
dlaaovaxfeqezvculovoovlyakhlgd.jpg,0.6272481
dnzsxkpbmmtytvrlklmnbprbcwysix.jpg,0.59201413
dobrsakjzqfkkwbuvhfpxgjynstyjd.jpg,0.44365382
dpnnhtmzinfjwzxeihghlsaugrseso.jpg,0.657678
dshtrcyfhcxdnmqcpqaachrxbmraqm.png,0.5676744
dthpinelztapoyhclbpyyxijcqcsyv.jpg,0.44561473
duythftfcibydcrmobngveppsbczuq.jpg,0.46613276
dveocsyrdwmmokqvzmherympxsnhjg.jpg,0.6654305
dxkxrtwzulytuhegnxjznhxxsqdvjt.jpg,0.6357939
dyintomnapqkperdaokbxbsyrgiadi.jpg,0.44017497
dyjtodxzlakemnjmxwcvxezykwmvoo.jpg,0.42662662
egmlopponygomfuzzhzoextlxzgkmo.jpg,0.32198122
ejmhvjdcgulaxvqqwyuwabbwqjievn.jpg,0.48942685
ejwoiledjlwunsjpnuquukzkjhalov.jpg,0.4100516
elajrsvrogkgcerlrfjvwgzqdzjumg.jpg,0.3941587
eoeatxoppisxmubbwmpnabjbezizgx.jpg,0.70298326
eofsqiwaevaeqkxjdayeeyzhliteho.jpg,0.63574106
eowgxpfwjhfpfvoytzlejmtyxegcfx.jpg,0.5717777
epicmexrbnzcoykteovumnjlpeeejh.jpg,0.6506904
eqhyxymtcmsvgesckcrjowyebhnohw.jpg,0.36494416
eqycjhiuvqojearvldxihxvmrajwtc.jpg,0.6484284
ethbvskgnyzyuirqytshhzvyzbqjxv.jpg,0.4288786
eusetdoazbgklyqcezwcacrokjcufo.jpg,0.3835324
ewrlffkoseneqgraxwhomtlwxiwekb.jpg,0.4971094
eyavyurhmycfumwdjnvvxenleadrcl.jpg,0.65527034
ezmnotqwlrngiwgnwbaheeoueyxvny.jpg,0.7141312
fefhbwjojkixcapyhinlmsqvjyhjmk.jpg,0.38427085
fhggkjdcfrlbgjgdohqetzvtzvzwox.jpg,0.6251276
fhhipzleexntfxjqfztvtikwqlylfz.jpg,0.4494834
fmkdsmhmklnzkownqsschpnomjedlx.jpg,0.5432411
fnefuqqsicuqfsymibosjdjwawrmvq.jpg,0.68826365
fnkfsdjmdihrmynpqxmnrwzxessrdc.jpg,0.7075173
frpsiqoutwcdsluictnefqjbnhaojr.jpg,0.5548506
ftcupseqywfpqtfftqilalhmaanpcv.jpg,0.39360407
fuldxhllmyyhygdvrczspchtlwifqm.jpg,0.38357383
fvitugrhbmzimhnlanfwqhnmtovgob.jpg,0.67547
fvlynglrxqdpvnhnaojggecbomqvbr.jpg,0.3330094
fvmrktruwpyzblmwwnubraikddamol.jpg,0.448035
fvvzssylplidrbhtvshkkfflzatqsd.jpg,0.5152334
fvyderokisqwuoqwuaoadkkvtfoeya.jpg,0.4802918
fwjhmiqtdoufzyyzkjzxrhzdwkcedo.jpg,0.46994913
fxrmuuyabdjwnsveyuijcliwmywezh.jpg,0.33820334
gadijdxgeinztdiaolvtceypzbvlam.jpg,0.52355474
gbdwbyuafezgszupikmwrdivflidna.jpg,0.2238351
gbfvanqxwaqvwzxuqegqaompgvsamm.jpg,0.33105922
gdkceqpjaozdsbfuaapadetsdgsoyz.jpg,0.6979559
gdwbhsehebmpgcfbndlibiccryfxid.jpg,0.5575885
geadhikvjfcvvrtszjsxqnevbdvstr.jpg,0.5605175
geaxljqcgthkjujpgjqtinitobfjqe.jpg,0.7741357
geszfskhujvpyziumhlqpgptmpajtt.jpg,0.45189595
gexghbuikqpefswrouipqfgvkzdkzv.jpg,0.4867119
gftflwiwqrswxrpccfpkhdftoajcws.jpg,0.51400906
ggqkntfyrhgeizstqrxlhhpwvjykbl.jpg,0.66934615
gjppsnmwvegpfaotczwscojavigasa.jpg,0.7061035
gkxlqxmuohjzxzweewniylzaxuqiit.jpg,0.43743336
glnkqsehtsemwxgfcabdouxnguoope.jpg,0.45702073
glpbrbtkrussrnfolvxynzjdfkvbin.jpg,0.5972733
gmocqhzokvhyrkohiraxixdbmcscjq.jpg,0.55148506
goxowiqsuthbriuqxiespbmeegqkvf.jpg,0.58003336
gppgpyeceknjakxhnvcgivtzqkexdt.jpg,0.4464157
gqbziiohphcmauvpfwlcpyxqqapghh.jpg,0.6324608
gqyjkyvhkkgfldgfvrkwvogjnganlj.jpg,0.5189044
greuliaymizfmfvngfqmrbzayusphp.jpg,0.56695545
griokgoxjwgbtlffxnqnoefynizroa.jpg,0.40814707
gsphpflowsxvbzmqoehtwimxigmexc.jpg,0.46753898
gtydqhzuwwcebasjexbrajitsqhnfh.jpg,0.4819961
gvykagbusbpbuzcvkftzaatczcevwk.png,0.71085256
gvzjodvhueivloxnomfhmpmcdbzvap.jpeg,0.6614327
gzmiyxrvuprhvkmnckztiadtirmwrj.jpg,0.6388758
haghwzucuaiwbeuerzxnrnflkytyqu.jpg,0.4031194
hddqpruzeyfpuemmkrvajzewjauqbg.jpg,0.59721124
hdftlvovpcycpipsqjnfxbzuvmlnlm.jpg,0.7358006
hdmcngrvtgikfstjgrgqfotraeffgg.jpg,0.64723873
hepwugnfdvxafszdjsdmscpcvejipp.jpg,0.6006241
hhirnwzcfyhnrwbfjmhioqyosjouxm.jpg,0.4762182
hirjzqktwfoauvblgqocpnrhksqdih.jpg,0.4130244
hkftgcijkghprpxyuknyfimzjlzpde.jpg,0.41571745
hnmbjysdtuiasvlabvnataindypuzu.jpg,0.37504643
hqxkkaletsjpqenfgprderxwvvdtwx.jpg,0.56702876
hsyezwcpciffcupbkadwtcqpxhlofh.jpg,0.36817867
iczzwmswptqjkzgbczxmgewfkfbfbn.jpg,0.5070992
idardcfquyazdghrsrbiyujmguzxnr.jpg,0.35270527
idnwoyvjflsoiwvbcleokhdfgdwqng.jpg,0.58595157
ifhrlfbitalzvqnfwqnuudutpbfpdq.jpg,0.61119825
igulitrigxyyzhhiduazzrwydlqrcv.jpg,0.46138293
ijmzxmoihywxoariplmfexcmexsibs.jpg,0.60958886
iluwkwmnrgiouhirnkfdmhnczfxivc.jpg,0.4131396
ilyczntkhdwwqxgayvmewwrvonzokc.jpg,0.62609637
imkumwldsvcwkjbhwglebnqtgjuaqy.jpg,0.51016563
imzjoogcbcvsgkbekgsxdfhxdlodgb.jpg,0.3556562
inilzqtajpxhdbqrrrmvnhrzmevhkv.jpg,0.4603701
ioafahyushqhdpfinjvuormfkchmjf.jpg,0.50412315
ioedeamftahwmovcpgigwnypdhykwz.jpg,0.38112938
iosikwfhnhmqdvuymkrdeatakkdryd.jpg,0.35644403
iqpspkpytnrfnnxpbdgulrpmdssxvv.jpg,0.5297567
itsfoylidpuiehheyisjrssydwpkjs.jpg,0.44095862
itxiomwebnkfodztausaduxyrhgfrv.jpg,0.69283086
iurkzngzsfejzqwpvcogoamriplacq.jpg,0.36501068
iuzfasnekvmbbmtqetpnmrxcyopfie.jpg,0.30049616
ivhqllncotctfxttkqqvwamkdeokih.jpg,0.48185986
iwgumsxpuxzcolrrnfwkqidfknzjic.jpg,0.62449086
iwrrnosiwxykcwfnzdnephwjeynjvr.jpg,0.5831857
ixbtflbbatnitjiveitztqwnjfvidt.jpg,0.2710607
ixnarcfjcjzduyghjrmbpsezuhxdeb.png,0.43309748
iyyhdzhpafxpjyvrqstdlsvnhqntqw.jpg,0.64541835
jaypieocqkwftzmbzsgrkttchyhpaa.jpg,0.5202335
jbmhymhbpiobylwbugudyfpnkmisbc.jpg,0.516213
jcqewjmnixvdytkvwuvgywcblhvotx.jpg,0.45109987
jdiamrvlvhyxhouxlkjrdcfoqbtzlf.jpg,0.5910243
jdmorbhddqxvqofbotgldacezkmyjt.jpg,0.43359894
jdtkbagujtkdseprtglztarncdxzqt.jpg,0.48460633
jelzmmcmozeaeiswvdkwcltfccanwg.jpg,0.65874267
jgvemmdihzkjgodvehrlpacstjwnbv.jpg,0.6234447
jgwawiynmntnlhhwckjlqtijvnkjff.jpg,0.5876201
jhhjxctcsxlujwhoprnevvfprddnjs.jpg,0.43211982
jhvehfryklsushrvqiyjrxtybsyxjs.jpg,0.54797506
jhwecyoxnwdqysddxcjogbvlhjxrfm.jpg,0.39365613
jiorwmlthejgwwbnshbuevjaunqbku.jpg,0.47258517
jiuvimokosuqcqgxsjrpepfrxnudvl.jpg,0.6089352
jjqgfnkunxqxwlrjxgakwcukfoavym.jpg,0.43884724
jkutvlbzwibdltuythhqtweqazglok.jpg,0.44828326
jnsjofyggzkakdsxxmptabbiksbuty.jpg,0.823423
jnzcxqykfzbkbbgyscanfvxeqyruzh.jpg,0.23602867
jqgkxlfpzrktkyilfyuhhdyfsycanf.jpg,0.35890242
jqueszoqlgzwqzksmzanznuieydnyy.jpg,0.41179377
jsrbntbtdheogzmdzhatavcmmarvgl.jpg,0.4505438
jvcaprbropasegknsisprgwgitcrpi.jpg,0.8403894
jvpejwtddpkhiqhcikzoaojczgdwfz.jpg,0.6240604
jwdjkvvfvggphwhqatmbkjjlzdienf.jpg,0.48528525
jxtfudtgjrjafphvpcpyzvbjzkedlt.jpg,0.3559526
kajnfbinymxwelbpykfzurocazkajm.jpg,0.6013633
kcnlgwxftlpioadzfmayiitkbnkpfq.jpg,0.6445305
kduwskepxdwxdgfzkgnfnformtkgzg.jpg,0.64696395
kebxzepgnybcvtvjqohjaclvvsqjgo.jpg,0.61602676
kfkptevnxrhoofzewofglxzxgvkdcg.jpg,0.40604645
khvoycguuitlcpjxdflbkdgyzaoexh.jpg,0.6130731
kigglxwgyxssmujauixjszahnjctrd.jpg,0.41964608
kjdbifjcnzclwxadgtmgafbcylljhm.jpg,0.46220222
kkgjefxvtjfypjsjgyhshrutwhgdml.jpg,0.79465187
klkerkiflmmwcuzjqqkvhbrazosuzb.jpg,0.5271573
kmxjicdqvpfpvrhqukkpumdscvgnob.jpg,0.30842265
krnwchletlzkiqqzgvdfhwgcweukol.jpg,0.28851128
ktfusajinfwbuflriajdptixqssvun.jpg,0.53833354
ktmunasppplitpubmrdjbiqyuaibnd.jpg,0.39876145
kugkqjdlyxywogtbietnbvcmpjllwx.jpg,0.44389814
kujdzaccxtihhcwwvsnuublztrnzie.jpg,0.4677874
kvyzgviirzidxoawqeshlagmfmaqha.jpg,0.5557166
kwufgmdpyknfvezeytoywortrtkcha.jpg,0.23300545
kxcrhxbyxvhqnwqwqoqmaafwikuegm.jpg,0.79602677
laaqrylcpzmanpcdilwteiuhetchzt.jpg,0.47587714
lazlpqdyqxvdtgtfuwkcplrmtcoeoq.jpg,0.6644187
lbvuqszvcwajhzclogpiprfgxiswpr.jpg,0.54314375
lckpbjorlzqrhcccowfsaltairdvtd.png,0.49875933
lctzakuojllwuturyhbsoyexhyrhfb.jpg,0.52576643
leibivudzejijilbzmjwyqcgnolcbb.jpg,0.65360296
lhiwujhlwspbbgqydwewaioirumkri.jpg,0.4953026
lhrglduisvdlcgjiofvkkhvdcuaenj.jpg,0.49241108
lihqabxpdhfuuctwreixqcwwmjdvkg.jpg,0.5033925
lkzjcblzskcxgdzssgiasoddrrtouf.jpg,0.56977254
llecnksnwfhbpbcjzzijseaoxblcbo.jpg,0.5064597
lmdcsyqhjxxvdfzakuhxxmcrwmqkjj.jpg,0.6476019
lmrbtgixyoyrpexyiydyqjsexswuxr.jpg,0.60570425
lnulwsjdqnzkuyyaffwimadgavuwan.jpg,0.5428126
louklilbbrpqodurfzvvejxglgocwi.jpg,0.6394536
loyubqchniltkypeilmzrmwjnvjeiq.jpg,0.509242
lpozqsannlntslamuxvcfpbjttiihl.jpg,0.45518896
lpxbhrpimmbsyeufegmxiuobcblwen.jpg,0.72318316
lqfnxaohuxlvexjgebyyoyvcpvfzte.jpg,0.6300028
lsdynvygkfyqehlpwbqammadxmsctv.jpg,0.48730162
ltuibmgnhtgsfugypuufvwrqprxtfk.jpg,0.48597878
lucoklnkqcjyrxyvbgnarqspgcwrku.jpg,0.32742208
lwhltrzhopzxcxkmjnepvkfkuocyyf.jpg,0.56037015
lxxlzvrdieuyvfkeshxuisxgormmyq.png,0.32525784
lyousdaviagybwamxfwdjpjfevopkf.jpeg,0.61966425
lzjxvwtdrrtwjceqgmucfpngihgdxm.jpg,0.64460737
lzvnzvftxmsgfnxqriwbranxlyjumy.jpg,0.45805147
mawbecdfltccgqymuosaxqmntvllvm.jpg,0.6002729
mbekjxyxdchvessngkvjexxfyqdrvv.jpg,0.64427507
mdwgptlsdcgkglflwsqseheibugref.jpg,0.52773154
meqeaivcxrtyjjlaaysnjeytrmpqmg.jpg,0.5657037
mfkvaqtdkxcsozmtzpeavslszhkbvv.jpg,0.4272186
mhkqlunhxjqrrnpjvwfklbzvwtrhch.jpg,0.64978987
micftikbkvjlfcuknzwfbjpjdhioxe.jpeg,0.3828739
mlkbwnogazpkcxpcdaluzexzhvbsbr.jpg,0.5013014
mragkclknhcnqosdkuvchpjdrjofso.jpg,0.7787515
mrytehdxapzyymznjhvbvkhutalisi.jpg,0.5009157
mryzptvsvgrisoimspvdugeepobqkk.jpg,0.35970074
mthrpqxgvwfdlksknvymngogpppnhp.jpg,0.6417757
mtjmylupexliggdaqvuamtttjbizro.jpg,0.4033385
mtkmqoxjnmplockjwdilejfsrxcbvy.jpg,0.70077795
mtqtvazpnlsfwlreocalqffwosonni.jpg,0.59022367
myruvkfrzwvlkxajpvfhdulbdsqucc.jpg,0.4286494
mzaawjyklcynlmsxhziexrqskewnsl.jpg,0.5205008
mzvlhczvlelzrkrgyelzjcjtcssgpq.jpg,0.5413841
mzwwwdleaormcvlqonydhzypbhqehq.jpg,0.62377226
naxcngaxukhslcyoodkgkegydlzjnu.jpg,0.8285269
nbpkndryqyojnydlzlnfibqdhnsjzo.jpg,0.6227734
nfxhlppokdjomdwvjweudtpurlmwnx.jpg,0.67459375
nhbvrxtecdhhvyyzdjumuhxwfgsnqf.jpg,0.1968984
nkexoipjsbhmytzjsnvxpkqhdtqidv.jpg,0.65234584
nlhevzkzseaudpnhbawmmufkxnqyni.jpg,0.27258617
nlmpasjsptsygvnkicmsroqwepliof.jpg,0.5116292
nmorsdnxcjanqzfyfjrxbvumnyihft.jpg,0.46899644
nncgaofbnlhkcvnvhajmgrxpomzzba.jpg,0.38433656
nnlxnagizcelrbzdeqpxyonlfardpk.jpg,0.45970166
noesixortoazgbkeukqoveyibvaxrc.jpg,0.6190176
nqhxoimohubxlnbgxulnralrtxyfwo.jpg,0.51211166
nrlywwygzrswfdbhjvdtakksrsvjgk.jpg,0.5237458
nrxwgfqqltfxrotfkykgknzommtzdd.jpg,0.639257
nujqgvjxtkvnopkfyzciaziyjndntp.jpg,0.5073502
nwikmsqexytmdgyumqrfomreztdxxz.jpg,0.5059132
nxigjkucblcrgqfmwcwritnrmcjsgz.jpg,0.56907773
nxkricypqzyjopipbggbupjyjlyhtj.jpg,0.5939564
nyqzmqlebpyheacmxpeacxszlgxagk.jpg,0.60148644
nzhtmzjahmnlycpchimibdygcdkcnz.jpg,0.5390476
nzpfwndzpzskokcaqmsxlqjgdyrmhe.jpg,0.606988
ogclzsfhvbloezgkivpedxaldtahzl.jpg,0.5854251
ohiszivnnrkglfcpkvgqobmozjgrwa.jpg,0.6936576
olvntotfzczjpihgsmsrdshaphevzh.jpg,0.4853085
omdjxmhixkgnqsvczwkplpjivyvdbo.jpg,0.50402063
omgrzbdrlptmmwpudagcrctzvznrap.png,0.5674299
oojheezdsmrbzaxtpeapauytvovivl.jpg,0.52248764
opdeeeogjakgkmhchcmfcfggxpcszz.jpg,0.6236112
ornhixchukzqnrcisoodqytmeeqplp.jpg,0.25770098
orsoixyrasfxlkqzngwfasbadeydlh.jpg,0.5444947
orzwzwgaccsbeglnbxsitvpxcivdcm.jpg,0.61847043
osirultbdzsgmknbqrucggtqnfoljs.jpg,0.41370147
ovasoplwfuqqevywvgggocgxixnktp.jpg,0.2809398
ovyapwxepknnprboziljwxeskjuiim.jpg,0.45703277
owffonqaueruqlyakqnwwekvjaougd.jpg,0.1792533
oxtgwjovwkjybnyejaezfzqerhvpqj.jpg,0.5903295
padarkkzjbruayvwslkssxmumkrjsz.jpg,0.7352884
pbndybjpdykkiinslkpnepifijnsvd.jpg,0.6716055
pcoalfrhngfbattlzqaljgpzrmdiby.jpg,0.44449672
pdcxycqzkznkqntnqsmobdhagkfazw.jpg,0.71968746
pdpxzumgibtauzdnqjxumygocmkunl.jpg,0.74001354
pdsjckkmbslkzreqwygyjkeyehtuwy.jpg,0.48919076
pektafvzybcgssvemzxjypfzsriqxx.jpg,0.45963696
pfruckaftscryoyslnzsaqjlrntcdh.jpg,0.2056863
phbrlkorxtxgllwntzlgujplyffcdm.jpg,0.6218064
phpzhjjsvyqxouxeeaethnilycqdoz.jpg,0.7374978
piswtqhtpepgcmilxfeiegdqpofqig.jpg,0.5944418
pixwzsjkuqmcdyobcgumwetegmnyfu.jpg,0.5578913
pjtremwjwtxaqyzmyuhqrkszorrons.jpg,0.5532523
plcaliiefkehjeqojgsaiztfbluwbx.jpg,0.43816411
plhsciipiahwdvplstefomscgwxnje.jpg,0.41200256
plvzvjasjncvrchqwqdwhuzotiofek.png,0.7248555
plyaiuqsdfyiowewiorerysaomwoum.jpg,0.5599267
pmlzympeefriiyldejvguoilrtbczx.jpg,0.62650824
pneabcoxhrbfqowczgsexzharlezae.jpg,0.32050362
pomnzkamhxjwtrgalmkbcevrqlijft.jpg,0.59450936
powtvfvfexvzhhubxcczdvqmuwgtil.jpg,0.6382305
ppgimbjhcwxshiqofuziffffgvnnbt.jpg,0.6801887
puffqlvmnlfcwcplpgbrgkuhgkejnl.jpg,0.5266132
pwynnfibfpdkeeuzxjljusaieterpf.jpg,0.7379461
pxktxhdsuefrpwxtugwuvttfgmqvyz.jpg,0.40412113
pydsgdgzcvormzgjxmsqxgizigmnqq.jpg,0.19386378
qaifzcezpnxsemsninrdanxnrecgxc.jpg,0.7226096
qasruetvxhqscyidfqsbztqteakyss.jpg,0.5119718
qcjrbqnfsvdmyjwegjlhzzzwzfdbgz.jpg,0.77777267
qcwfppwrwajqvcjtzgadczsmjjglpa.jpg,0.3696797
qddqjbxtpsdrvjjdkzkycjbbrgpekf.jpg,0.57628286
qgseasopsvkydhuvnlfmzqbgjydsys.jpg,0.5548095
qipkjvcthoccixqxbsdcqgjtzmqvcq.jpg,0.36546332
qiqrvyhllvochhswibdzbsxcuyfcif.jpg,0.6785726
qjkcqczswvymlnybfyqxppcwciayzz.jpg,0.59296346
qlbqjvzglvxhtbjyjrfunwrurqrxox.jpg,0.66668254
qlbtwvbhuhkdoyzgfkmcfqwqjujjwh.jpg,0.4373202
qnpphzfhyjxoutunxsukftvlauzuug.jpg,0.4272184
qqakhuzdxoctiscdztnrzrffzgdvux.jpg,0.5793875
qsgsfxhekupbygbbjmhmgmheylbals.jpg,0.40992048
qskzbotijtjaphichunoesuwbybguk.png,0.6041623
qstbmncsmqsiwmnzgipyutolniuxjd.jpg,0.58396065
qsxfaihdktxryqxchmdrhweaubkomf.jpg,0.64651376
qubxzzlnsdvcesxfodgkfhnckwewmm.jpg,0.45297784
qvnxjxzghixyyysszioajgjiexgwzh.jpg,0.54249644
qwqvucqqtmtobwedwslipeohnrkuwr.jpg,0.4534887
qwylrrncmfibtlszybqsofemgweggl.jpg,0.7011432
qwztxkkzraedpivehqtrdcfdcrrsse.png,0.64393944
raoltfuznhttwcfpscjepcqakdkmey.jpg,0.5415955
rbztrgnugpkdoaxagndgdjbijoqele.jpg,0.40190193
rccyeivmdwnblrlijjuyvzyxslwuhh.jpg,0.59236765
rdwfgwuicmbzlnqhtyhfemjzmpyrjm.jpg,0.5183843
rfbvqxxqlifrbwhfyopkxalfmvyhfy.jpg,0.7465071
rjcsevtxucgtrcxvvsblkrakusacxq.jpg,0.30995595
rjidoxfzbxyeffhrkzguqdqksvwtpa.jpg,0.5248877
rjsayiylvpblfpjzyxwnejcevzncpm.jpg,0.6116142
rkpymadccynfoyvmiftgekkfbbbhdi.png,0.68426025
rqxlpeljjhhifqnlrywertwvzywynb.jpg,0.6515624
rrrncyqvyxkyshtdtxrtzcmltgpugh.jpg,0.6785188
rtnaqoagadatjgbczdaehqawjeuxiq.jpg,0.3891343
rwlnkupbstmcbxurjkntrubebavmjd.jpg,0.55183387
rwrhwxbhdpdvlaxkattftklqiorcpo.jpg,0.40945977
saqwjlvhyizasymcqwuumkayyalabr.jpg,0.53805727
saxrcfliklfijsofesenfhbpipucza.jpg,0.52498454
sbjiktnxorfqchvhvtresgziklndbw.jpg,0.62154555
sceudskpqcmpiutrvrjvwzrlyhusve.jpg,0.63770103
sdfklgwygtjlxmwtbggmobikmuuzaw.jpg,0.62132657
sfpwptgynidjmylpqeukgkhzqcitgm.jpg,0.6266652
shtuvrpsdcmoaooaeitmnpuckoaraa.jpg,0.7160392
sipovcjjclpnpgtcypjziplmmnzblp.jpg,0.62988293
siqobtmqebviudcxtjszqquivmzvil.jpg,0.73038226
smanxydzpnqbtgyhnkbkqslunnvvyg.jpg,0.61173373
smoiczjaouyiefhoizeyarkxzwutbe.png,0.5080675
smudegzshenddkbjyxihvwjdrensex.jpeg,0.45198712
smwljmgvodmaektpwpvsjbgbemexkz.jpg,0.39423198
snqqviwsotitwwrblhtiabhvphphqw.jpg,0.5457945
snylansyoagwhxkcenskjanfkgpigr.jpg,0.7690581
sseuokumxzgersmrlhofzkzgrkozkq.png,0.65033394
ssidykbqfofxaqtorcftxaxtusuyvc.jpg,0.6831612
sslssipaijavmhtvbrixtbgwwnlshu.jpg,0.5313567
suvnfydgvqcgdaxlsazlxgubymvfhj.jpg,0.38805518
svegbhuohnflowxkhjvkrifgmxextf.jpg,0.6473072
syjhwwdrvsqvhmkdfyfmggthjmkvzd.jpg,0.58069146
szycncebucycdqljwiolfshxndzpcm.jpg,0.33902714
tbjzvqedthirsztsnsjkfrdgroofmt.jpg,0.5203738
tewzkpvegeenvrdteiupwxlvyjyffy.jpg,0.3310595
thxqsrejgecdethcqecanudtfofcrh.jpg,0.4330425
tihnjhjilrcolmyupysvxjvqbqhvzr.jpg,0.57501864
tkekamvpuqgwyxgekdpmbvarytgffk.jpg,0.37256452
tkudaszaqtrzmyypabwhwanaqqdgsn.jpg,0.44664517
tldspzpkenscsjyokedqawzuqdbjfh.jpg,0.4902692
tlqprwlybfxysvhrnfgnplgbqgsswu.jpg,0.43084255
tmthqtrdrzwgadmsftvwpwlssemeic.jpg,0.40839276
tnptubiwafwpnymkaaudzcjibkzfgp.jpg,0.5150965
tnvtseaxgaeuxslabsyczpucoervej.jpg,0.44992718
tosutnsfkotuhlqcxkyartdjribecy.jpg,0.60400605
tqpfjhcqdnetwghsusmzymjepbdnds.jpg,0.5393056
tqtohrbvnjhvqqpkcpqxihkomlzddz.jpg,0.5045911
trvmaugxfpnagutconbyismxjoizzi.jpg,0.49357718
twuombcbchukiltgyoxxovvpqidulj.jpg,0.57659966
txjtghyvfckkbeihbmqcamrwmhfwfr.jpg,0.7178095
tzwrmkyyhlxjrbedtztknvlrgdmnfq.jpg,0.39170823
uapjecavqzibecgdvrlwiabgymtvdt.jpg,0.61387366
ueexuzrrjzajyeojqfmglknvpzgzad.jpg,0.62131524
uemcqcfhactlnpdguyeqawxiarukdn.jpg,0.509377
uemcyhtssgjcecjovuzrmvkxqwmldt.jpg,0.37659296
ufhysrqbbzlrqymeekhvxkoqeyxbyo.jpg,0.40054193
ufjcnzoabfdevufathmxztkvmlfgmd.jpg,0.51313996
ujdigrxiqfjtzrjgfwpvtjsxtviztq.jpg,0.37014005
umgwufightqsnhtjyfochvdnrcsccb.jpg,0.5683539
unkvelhemzsndcplwwcplvzhztcllz.jpg,0.5184503
unwndegdcmlinkjsprkshhnpomqvwd.jpg,0.28022233
uoqujcamsyjwlwoztrnvutbgrhdtkx.jpg,0.3655439
uqpvmjbjlwceqgltplhvdxyinayphz.jpg,0.7211119
urdgcrihebtothfemyxubtwpinualu.jpg,0.6763599
urfpnxaaxslypipkziqixilgvtitse.jpg,0.25188747
usdqhnysmqfjitrxqnfxkureaphlsa.jpg,0.39753598
utjaezxnmbadaiqjqgkmdmfdzqozqr.jpg,0.3620606
utqrcmliuqbblbxeacpcofcsxvhzgz.jpeg,0.44905058
uuapkpltdjmnmxgttzdtgoewvtdmkf.jpg,0.41242123
uvxtmvpwvucdhkyfjuqzrnxxgecptf.jpg,0.5721165
uxxhcjkukexpxutwqbvdjpgurqmwli.jpg,0.54902375
uyoqejdoxyisbuqsbwjwaecqutvtwg.jpg,0.5280126
uzfesehhvhqxuziizqgipuqbvjkarm.jpg,0.6913709
vdntoytydbayclzrqpfguwpzhplhvj.jpg,0.6028988
versewmzeguanbftslpjlyrupgqobt.jpg,0.60101324
vhwotvbcqepkhmhuhqvbdvahsixptb.jpg,0.5352496
vivqwqshafxumvxojbcouebhpjitvw.jpg,0.5602759
vlpwwjhopipwypxltcstohkkjgudbv.jpg,0.4341933
vluqtgdfiywtuveucboijzbanifapn.jpg,0.70765156
vlxbaplwagipvtfkcjbzapysqmffld.jpg,0.7089884
volxwqaiygijoxnemgujucdvaxcmla.jpg,0.21766408
vvbpnstpnzspemzfccnfftwnsyfosx.jpg,0.57944876
vwnowxqsikzzgaupttmtfffkbprphp.jpg,0.6204124
vwqrhobzdutxipuwgssuzjbhxumbod.jpg,0.42096984
vzqbztrjuoyuzfygogzutjfvnppmpi.jpg,0.7279368
vzygdcxwtgrkwsimilpsbttbchwjey.jpg,0.6340802
wbbujdiznmyiiqjwpjymtypyswyumo.jpg,0.29881454
wbctqgrcgqwhbywsikdklrtbmrplim.jpg,0.5157914
wbfrwkddjwawzxnikfrpffjxtowjhv.jpg,0.53034276
wcjujbvemumhadmwcgkgwahqmrhoif.jpg,0.5005413
wcnsyehazqxgakcdbtyehtkwoiwppj.jpg,0.45261797
wcydlpgrwjmptowavcltpotjbgvxhb.jpg,0.59375274
wdlioyaloeejrcvmjpixqoczoesuns.jpg,0.7386009
weipwizxckxeagywuilohlxktcrypk.jpg,0.49641845
weubnhdcwsklnxmbaoetvbzfistxwg.jpg,0.76682395
wflunumlnfgrpwisuymmudqnjobspo.jpg,0.6610359
wgkzydvcyrnzspiukwtrbmwptujyoo.jpg,0.42942038
wiovvusmzmxindaealykgesxwwleql.jpg,0.46319377
wischoicbrogjyfnhdycphsaneiuwm.jpg,0.6238473
wkvfouqvychfqwsmjnhkraowobkxgy.jpg,0.39165625
wleebloflbfqkneclgoekidfidccim.jpg,0.34957415
wljliaaphisemiemsxielexjlkirlv.jpg,0.20047897
wnwkpbivybsvhesdkadymsqmqopfuy.jpg,0.6762441
woazdfgnjkbxcskuamebaxedxhpszi.jpg,0.5068798
woobvdyoeohahdgjtajoywfsxmtijg.jpg,0.5042673
wooltgxaythwvbtdoruodwvmvbrpfg.jpg,0.3801798
woulzzpagnqwxegofpdnsxbytvjdki.jpg,0.3769179
wpiddqgustjsgnzcdoykwhecjmfsbo.jpg,0.57361734
wpsmdmlakitjsnypxeecpajkecrgqw.jpg,0.40439796
wpujnxoeirxcyjiiezydfkaxksrdwg.jpg,0.5489455
wqzkxqasodsnxcugavcqsuqmdwqfoa.png,0.42118782
wrtiyoywiyiawtrnbizxykeqjoesmb.jpg,0.62394744
wtcbodbqepiirrtgpzclqipkojxodr.jpg,0.7547716
wwgnzvefvkhqgcvgzvucdwslmhqdfl.jpg,0.47937515
wwibybtbnrvydizirztvgsbuulpouw.jpg,0.5991387
wzdhiyzvbjlpatadxltwukvizlkpfi.jpg,0.51398855
xaufwjptvdpofxbuefzpcbjdgurmov.jpg,0.3819422
xbuuveyzfnrozevdlhayiqncadyiof.jpg,0.5651894
xemgrytlfzpwpxlpoyklejnqclztru.jpg,0.7517834
xfnuyuiibfvnhcxneinujhzmxyffdn.jpg,0.65907055
xgfrghdwyumnzdvxsuzlehyruvkita.png,0.6662266
xjngjjhzpyhxmstueplojbqreasnes.jpg,0.8254974
xkdueyinwrnlyioamfbqqymynyyjow.jpg,0.45856842
xklxzfuxkxgykpuhuzzaldbdjhcydx.jpg,0.7044794
xkoqrazzrpistsmscyvjarmiuwljsd.jpg,0.77135015
xnyhtjljydambkxbueqmgixbainqrw.jpg,0.40934122
xpivtvyweotwypnjfaenuhouijtwrj.jpg,0.35202298
xqhpwicnsoejqslgrlwvntqhqdrjjt.jpg,0.50853676
xurcoxcuznkvnyjhrqrtjfnrqqtlby.jpg,0.5356794
xxirvsjxpsdmicscgrmpcczbnrtoek.jpg,0.5005477
xxpzhbftdvltokjuzrdiuksfeynqlu.jpg,0.5690313
xykoojgoemrcfmvdobwvlurbpoikpq.jpg,0.708614
xynfggwypiqaesxayyvjlqfmhsvnlo.jpg,0.3239881
xzcvpmdsnwcmeooidiemxzofsvqrvo.png,0.6954377
ycdmtgjjzxhgzblmjrujqpemeqksch.jpeg,0.5709993
yegdjxoapgowmbnvlrdryvaecnynya.jpg,0.5735279
yionojckwcmjxtjevsvpmjezycmilb.jpg,0.29019248
yjncarmoymzspzoiuivzecdjjxnitj.jpg,0.41021407
yklgcnlafkcgjozrkuzbebbsggluus.png,0.47236404
ykmaworjsfbglvakdrsbqhupjiqkhn.jpg,0.5602034
ykngxpgtimmeszcxyntqujxyslvkrz.jpg,0.74572676
yknhljrexjerzopcvabkfobfaznbce.jpg,0.50669366
ylqsaoehrinbdgkmyqobrytabqvqad.jpg,0.7879734
yncgdbcfbdpippiqjexosicvuxetik.jpg,0.75711906
yoljgngorsosxyvpmflodycbrzlojm.jpg,0.29145262
yqhsjijloqxbrfjzbqnasiqfqyvgjq.jpg,0.5172528
ytxadvbbcvbohxmbtvnyepjzdskwli.jpg,0.57843435
yurmkbqrwlidqgbgeeszgsuzzizhtv.jpg,0.4159768
yyvvnujfgpfcpcgwdyjfthnlycslkk.jpg,0.51473916
zdfiplzlfcwkyfucjdtkskjxjdeavq.jpg,0.6878041
zesbxhcglwjpplcmsfntcpummkbhfz.jpg,0.4517235
zgigmyufwdfgxuspzppusdfstysjfs.jpg,0.6006013
zhkdanqqseexvicplcyekiwjqqlhhz.jpg,0.34340575
ziseknqemrbhawedjdyxevolrwumkq.jpg,0.4887262
zjcrlegcioljqhlaowlaklxwojfpil.jpg,0.64620113
zjlngjlzjwonpqhiiztranntupvtom.jpg,0.4175065
zkmcdlytdocncvgmigqhklfvjqwrni.jpg,0.35156375
zkpcokomrmpbncplmxcklnvgaabmoq.jpg,0.596045
zndfvhigsuchffrepbzdwrlhgncmtd.jpg,0.7295126
zneawovpezfvxphxdlzgpjhllyxuss.jpg,0.5915801
zodcoeblnsvtuoftjlpquidfhnbtwc.jpg,0.31233543
zojvaryviuzftjfkmeazlzekvpdxri.jpg,0.51708484
zpfhbgixcctxylnihhrepjgcmjksvf.jpg,0.341192
zuignwckjykxefmpubjpjefvhghaoi.jpg,0.6454802
zuxvwdblfwjpibjexgfglpyreqslhs.jpg,0.30013657
zvyajojutzgqumdjfxxkpiuuxeefyy.jpg,0.35868114
zynasgxnxnzqaallnvkthegctommtu.jpg,0.42284554
